{
  "version": 2,
  "builds": [
    {
      "src": "server/index.ts",
      "use": "@vercel/node"
    },
    {
      "src": "client/package.json",
      "use": "@vercel/static-build",
      "config": {
        "distDir": "dist"
      }
    }
  ],
  "routes": [
    {
      "src": "/api/(.*)",
      "dest": "server/index.ts"
    },
    {
      "src": "/ws/(.*)",
      "dest": "server/index.ts"
    },
    {
      "src": "/(.*\\.(js|css|png|jpg|jpeg|svg|ico|json))",
      "dest": "client/$1"
    },
    {
      "src": "/(.*)",
      "dest": "client/index.html"
    }
  ],
  "env": {
    "NODE_ENV": "production"
  }
}